Pack	Name	Type	ID	Parent	Categories	Additive	Traits	Durability	Armor Durability	Repair Efficiency	Repair Bonus	Enchantment Value	Charging Value	Rarity	Harvest Tier	Harvest Speed	Block Reach	Attack Damage	Attack Speed	Attack Reach	Magic Damage	Ranged Damage	Draw Speed	Projectile Speed	Projectile Accuracy	Armor	Armor Toughness	Knockback Resistance	Magic Armor	
mod/silentgear	String	Binding	silentgear:string		Fiber, Basic, Organic		Flexible I			+5%																				
mod/silentgear	Fluffy String	Binding	silentgear:fluffy_string		Fiber, Basic, Organic		Flexible III		+5%							-5%														
mod/silentgear	Vine	Binding	silentgear:vine		Basic, Organic					+3%																				
mod/silentgear	Fine Silk	Binding	silentgear:fine_silk		Fiber, Basic, Organic		Lucky I, Flexible IV																						+2	
mod/silentgear	Sinew	Binding	silentgear:sinew		Fiber, Basic, Organic		Flexible IV			-5%																				
mod/silentgear	Flax	Binding	silentgear:flax		Fiber, Basic, Organic		Flexible III		+5%							+5%														
mod/silentgear	Example	Binding	silentgear:example		Intangible																									
mod/silentgear	Golden (Gold)	Coating	silentgear:gold		Intermediate, Metal		Brilliant, Soft III*	x0.9	x0.9					+10																
mod/silentgear	Netherite	Coating	silentgear:netherite		Endgame, Metal		Fireproof	+2, x1.3	x1.12			+5			netherite (4)	x1.13		x1.33			x1.33	x1.33					+4	+1		
mod/silentgear	Prismarine	Coating	silentgear:prismarine		Advanced, Organic, Gem		Aquatic V*, Aquatic III*	x1.08	x1.13																		+1	+0.25		
mod/silentgear	Blaze Gold	Coating	silentgear:blaze_gold		Advanced, Metal		Brilliant, Soft II*	x0.95	x0.95					+20																
mod/silentgear	Example	Coating	silentgear:example		Intangible																									
mod/silentgear	String	Cord	silentgear:string		Fiber, Basic, Organic																		+10%							
mod/silentgear	Fluffy String	Cord	silentgear:fluffy_string		Fiber, Basic, Organic																	+5%	-5%							
mod/silentgear	Vine	Cord	silentgear:vine		Basic, Organic																	-10%								
mod/silentgear	Fine Silk	Cord	silentgear:fine_silk		Fiber, Basic, Organic		Flexible II															+7%								
mod/silentgear	Sinew	Cord	silentgear:sinew		Fiber, Basic, Organic		Flexible II															+20%								
mod/silentgear	Flax	Cord	silentgear:flax		Fiber, Basic, Organic																	-10%	+20%							
mod/silentgear	Example	Cord	silentgear:example		Intangible																									
mod/silentgear	Paper	Fletching	silentgear:paper		Basic, Organic, Sheet																			1.1x	90%					
mod/silentgear	Feather	Fletching	silentgear:feather		Basic, Organic																			0.9x	110%					
mod/silentgear	Leaf (Leaves)	Fletching	silentgear:leaves		Basic, Organic																			1.1x	90%					
mod/silentgear	Example	Fletching	silentgear:example		Intangible																									
mod/silentgear	Pink Wool	Grip	silentgear:wool/pink	Wool	Basic, Organic, Cloth		Flexible II			+20%						+10%			+0.2											
mod/silentgear	Magenta Wool	Grip	silentgear:wool/magenta	Wool	Basic, Organic, Cloth		Flexible II			+20%						+10%			+0.2											
mod/silentgear	Leather	Grip	silentgear:leather		Basic, Organic, Cloth		Flexible III			+10%						+15%			+0.15											
mod/silentgear	Light Gray Wool	Grip	silentgear:wool/light_gray	Wool	Basic, Organic, Cloth		Flexible II			+20%						+10%			+0.2											
mod/silentgear	Light Blue Wool	Grip	silentgear:wool/light_blue	Wool	Basic, Organic, Cloth		Flexible II			+20%						+10%			+0.2											
mod/silentgear	Blue Wool	Grip	silentgear:wool/blue	Wool	Basic, Organic, Cloth		Flexible II			+20%						+10%			+0.2											
mod/silentgear	Gray Wool	Grip	silentgear:wool/gray	Wool	Basic, Organic, Cloth		Flexible II			+20%						+10%			+0.2											
mod/silentgear	Wool	Grip	silentgear:wool		Basic, Organic, Cloth		Flexible II			+20%						+10%			+0.2											
mod/silentgear	Purple Wool	Grip	silentgear:wool/purple	Wool	Basic, Organic, Cloth		Flexible II			+20%						+10%			+0.2											
mod/silentgear	Red Wool	Grip	silentgear:wool/red	Wool	Basic, Organic, Cloth		Flexible II			+20%						+10%			+0.2											
mod/silentgear	Fine Silk Cloth	Grip	silentgear:fine_silk_cloth		Intermediate, Organic, Cloth		Accelerate I*			+10%						+15%														
mod/silentgear	Orange Wool	Grip	silentgear:wool/orange	Wool	Basic, Organic, Cloth		Flexible II			+20%						+10%			+0.2											
mod/silentgear	Lime Wool	Grip	silentgear:wool/lime	Wool	Basic, Organic, Cloth		Flexible II			+20%						+10%			+0.2											
mod/silentgear	Yellow Wool	Grip	silentgear:wool/yellow	Wool	Basic, Organic, Cloth		Flexible II			+20%						+10%			+0.2											
mod/silentgear	Green Wool	Grip	silentgear:wool/green	Wool	Basic, Organic, Cloth		Flexible II			+20%						+10%			+0.2											
mod/silentgear	White Wool	Grip	silentgear:wool/white	Wool	Basic, Organic, Cloth		Flexible II			+20%						+10%			+0.2											
mod/silentgear	Brown Wool	Grip	silentgear:wool/brown	Wool	Basic, Organic, Cloth		Flexible II			+20%						+10%			+0.2											
mod/silentgear	Phantom Membrane	Grip	silentgear:phantom_membrane		Intermediate, Organic, Cloth		Ancient II*			+15%						+10%			+0.2											
mod/silentgear	Black Wool	Grip	silentgear:wool/black	Wool	Basic, Organic, Cloth		Flexible II			+20%						+10%			+0.2											
mod/silentgear	Example	Grip	silentgear:example		Intangible																									
mod/silentgear	Cyan Wool	Grip	silentgear:wool/cyan	Wool	Basic, Organic, Cloth		Flexible II			+20%						+10%			+0.2											
mod/silentgear	Lapis Lazuli	Jewelry Setting	silentgear:lapis_lazuli		Intermediate, Gem		Lucky III*																							
mod/silentgear	Quartz	Jewelry Setting	silentgear:quartz		Intermediate, Gem		Mighty II*																							
mod/silentgear	Dimerald	Jewelry Setting	silentgear:dimerald		Advanced, Gem		Kitty Vision*																							
mod/silentgear	Amethyst	Jewelry Setting	silentgear:amethyst		Intermediate, Gem		Cursed IV																							
mod/silentgear	Diamond	Jewelry Setting	silentgear:diamond		Advanced, Gem		Bastion I*																							
mod/silentgear	Flint	Jewelry Setting	silentgear:flint		Rock, Basic																									
mod/silentgear	Emerald	Jewelry Setting	silentgear:emerald		Advanced, Gem		Reach II																							
mod/silentgear	Prismarine	Jewelry Setting	silentgear:prismarine		Advanced, Organic, Gem		Swift Swim III*																							
mod/silentgear	Example	Jewelry Setting	silentgear:example		Intangible																									
mod/silentgear	Pink Wool	Lining	silentgear:wool/pink	Wool	Basic, Organic, Cloth		Flexible II																					+0.1		
mod/silentgear	Magenta Wool	Lining	silentgear:wool/magenta	Wool	Basic, Organic, Cloth		Flexible II																					+0.1		
mod/silentgear	Leather	Lining	silentgear:leather		Basic, Organic, Cloth		Flexible IV																							
mod/silentgear	Light Gray Wool	Lining	silentgear:wool/light_gray	Wool	Basic, Organic, Cloth		Flexible II																					+0.1		
mod/silentgear	Light Blue Wool	Lining	silentgear:wool/light_blue	Wool	Basic, Organic, Cloth		Flexible II																					+0.1		
mod/silentgear	Blue Wool	Lining	silentgear:wool/blue	Wool	Basic, Organic, Cloth		Flexible II																					+0.1		
mod/silentgear	Slime	Lining	silentgear:slime		Intermediate, Organic, Slime		Bounce*																				+0.5			
mod/silentgear	Gray Wool	Lining	silentgear:wool/gray	Wool	Basic, Organic, Cloth		Flexible II																					+0.1		
mod/silentgear	Wool	Lining	silentgear:wool		Basic, Organic, Cloth		Flexible II																					+0.1		
mod/silentgear	Purple Wool	Lining	silentgear:wool/purple	Wool	Basic, Organic, Cloth		Flexible II																					+0.1		
mod/silentgear	Red Wool	Lining	silentgear:wool/red	Wool	Basic, Organic, Cloth		Flexible II																					+0.1		
mod/silentgear	Fine Silk Cloth	Lining	silentgear:fine_silk_cloth		Intermediate, Organic, Cloth		Flexible IV																						+2	
mod/silentgear	Orange Wool	Lining	silentgear:wool/orange	Wool	Basic, Organic, Cloth		Flexible II																					+0.1		
mod/silentgear	Lime Wool	Lining	silentgear:wool/lime	Wool	Basic, Organic, Cloth		Flexible II																					+0.1		
mod/silentgear	Yellow Wool	Lining	silentgear:wool/yellow	Wool	Basic, Organic, Cloth		Flexible II																					+0.1		
mod/silentgear	Green Wool	Lining	silentgear:wool/green	Wool	Basic, Organic, Cloth		Flexible II																					+0.1		
mod/silentgear	White Wool	Lining	silentgear:wool/white	Wool	Basic, Organic, Cloth		Flexible II																					+0.1		
mod/silentgear	Brown Wool	Lining	silentgear:wool/brown	Wool	Basic, Organic, Cloth		Flexible II																					+0.1		
mod/silentgear	Phantom Membrane	Lining	silentgear:phantom_membrane		Intermediate, Organic, Cloth		Light II*, Flexible III																							
mod/silentgear	Black Wool	Lining	silentgear:wool/black	Wool	Basic, Organic, Cloth		Flexible II																					+0.1		
mod/silentgear	Example	Lining	silentgear:example		Intangible																									
mod/silentgear	Cyan Wool	Lining	silentgear:wool/cyan	Wool	Basic, Organic, Cloth		Flexible II																					+0.1		
mod/silentgear	Bamboo	Main	silentgear:bamboo		Basic, Organic, Wood		Flammable, Flexible II	65	9x		25%	15	0.7	4	bamboo (0)	2		0	0			0x	0x	1x	90%	7			2	
mod/silentgear	Golden (Gold)	Main	silentgear:gold		Intermediate, Metal		Brilliant*, Malleable I, Soft III*	32	7x			22	1.2	50	gold (1)	12		0	0		4	0x	0.3x	1.1x	100%	11			8	
mod/silentgear	Sandstone	Main	silentgear:sandstone		Rock, Basic			117	6x		-10%	7	0.7	7	sandstone (1)	4		1	0.1			0x	-0.1x	1x	80%	5				
mod/silentgear	Lead	Main	silentgear:lead		Intermediate, Metal		Malleable II, Aquatic II*	260	14x			15	0.8	40	iron (2)	4		2	-0.4		2	1x	-0.3x			13			4	
mod/silentgear	Redstone	Main	silentgear:redstone		Intermediate, Dust, Metal	Yes	Imperial III*					-10%	+10%	30		12		4				2x								
mod/silentgear	Lapis Lazuli	Main	silentgear:lapis_lazuli		Intermediate, Gem			200	13x			17	1.3	30	lapis_lazuli (1.5)	5		2	0		3	0x	-0.1x	1x	80%	15			10	
mod/silentgear	Osmium	Main	silentgear:osmium		Intermediate, Metal		Malleable II	500	30x			12	1.1	35	iron (2)	10		4	0.1		2	1x	0x			17			4	
mod/silentgear	Quartz	Main	silentgear:quartz		Intermediate, Gem		Crushing III, Jagged II*	330	13x			10	1.2	40	quartz (2)	7		2	0.1			0x	0.1x	1x	100%	14			4	
mod/silentgear	Shulker Shell (Crushed Shulker Shell)	Main	silentgear:crushed_shulker_shell		Rock, Endgame, Dust	Yes	Eroded IV*	2500	50x			10	-0.15	91																
mod/silentgear	Paper	Main	silentgear:paper		Basic, Organic, Sheet		Flammable, Rustic III	0	2x			11	1	3												4				
mod/silentgear	Pink Wool	Main	silentgear:wool/pink	Wool	Basic, Organic, Cloth		Snow Walker*	0	4x			7	0.7	7												4			4	
mod/silentgear	Unknown Sheet Metal (Sheet Metal)	Main	silentgear:sheet_metal		Sheet			x0	x0.6																	x0.5	x0.5			
mod/silentgear	Refined Iron	Main	silentgear:refined_iron		Intermediate, Metal		Malleable IV, Stellar I	512	20x		-15%	15	0.8	25	iron (2)	7		3	0		2	2x	0x			18	2		6	
mod/silentgear	Yellow Terracotta	Main	silentgear:terracotta/yellow	Terracotta	Rock, Basic		Brittle I, Chipping II, Rustic I	165	11x		-10%	9	0.8	7	terracotta (1)	4		1.5	0.2			0x	-0.2x	1x	90%	9			3	
mod/silentgear	Warped Wood	Main	silentgear:wood/warped	Wooden	Organic, Wood		Jagged I*	59	8x		25%	15	0.6	1	wood (0)	2		0	0			0x	0x	1x	90%	7			2	
mod/silentgear	Dimerald	Main	silentgear:dimerald		Advanced, Gem		Brittle I, Gold Digger II*	1776	36x			12	0.7	80	dimerald (3)	9		3	0.1		3	3x	0.1x	1x	120%	22	10		10	
mod/silentgear	Magenta Wool	Main	silentgear:wool/magenta	Wool	Basic, Organic, Cloth		Snow Walker*	0	4x			7	0.7	7												4			4	
mod/silentgear	Leather	Main	silentgear:leather		Basic, Organic, Cloth		Snow Walker*	0	5x			15	0.8	11												7			8	
mod/silentgear	Crimson Wood	Main	silentgear:wood/crimson	Wooden	Organic, Wood		Jagged I*	59	8x		25%	15	0.6	1	wood (0)	2		0	0			0x	0x	1x	90%	7			2	
mod/silentgear	Acacia Wood	Main	silentgear:wood/acacia	Wooden	Organic, Wood		Flammable, Jagged I*	59	8x		25%	15	0.6	1	wood (0)	2		0	0			0x	0x	1x	90%	7			2	
mod/silentgear	Light Gray Wool	Main	silentgear:wool/light_gray	Wool	Basic, Organic, Cloth		Snow Walker*	0	4x			7	0.7	7												4			4	
mod/silentgear	Basalt	Main	silentgear:basalt		Rock, Basic		Brittle II, Chipping III	137	4x			6	0.7	7	basalt (1)	4		1	0			0x	-0.1x	1x	80%	6				
mod/silentgear	Cyan Terracotta	Main	silentgear:terracotta/cyan	Terracotta	Rock, Basic		Brittle I, Chipping II, Rustic I	165	11x		-10%	9	0.8	7	terracotta (1)	4		1.5	0.2			0x	-0.2x	1x	90%	9			3	
mod/silentgear	Light Blue Wool	Main	silentgear:wool/light_blue	Wool	Basic, Organic, Cloth		Snow Walker*	0	4x			7	0.7	7												4			4	
mod/silentgear	Blackstone	Main	silentgear:blackstone		Rock, Basic		Brittle I, Jagged II*, Hard II*	151	5x			4	0.6	9	blackstone (1)	4		1	0			0x	-0.2x	1x	80%	5				
mod/silentgear	Steel	Main	silentgear:steel		Intermediate, Metal		Malleable V	500	20x		15%	11	0.8	40	iron (2)	6		4	-0.2		1	2x	-0.2x			20	2		6	
mod/silentgear	Blue Wool	Main	silentgear:wool/blue	Wool	Basic, Organic, Cloth		Snow Walker*	0	4x			7	0.7	7												4			4	
mod/silentgear	Obsidian	Main	silentgear:obsidian		Rock, Advanced		Jagged III*, Crushing II	1024	13x		-25%	7	0.6	10	obsidian (1)	6		3	-0.4		2	0x	-0.4x	0.7x	70%	20	4		8	
mod/silentgear	Purple Terracotta	Main	silentgear:terracotta/purple	Terracotta	Rock, Basic		Brittle I, Chipping II, Rustic I	165	11x		-10%	9	0.8	7	terracotta (1)	4		1.5	0.2			0x	-0.2x	1x	90%	9			3	
mod/silentgear	Gray Wool	Main	silentgear:wool/gray	Wool	Basic, Organic, Cloth		Snow Walker*	0	4x			7	0.7	7												4			4	
mod/silentgear	Amethyst	Main	silentgear:amethyst		Intermediate, Gem		Renew I*	210	10x			16	1.3	35	amethyst (1.5)	6		1	0		3	1x	0x	1x	100%	15			10	
mod/silentgear	Orange Terracotta	Main	silentgear:terracotta/orange	Terracotta	Rock, Basic		Brittle I, Chipping II, Rustic I	165	11x		-10%	9	0.8	7	terracotta (1)	4		1.5	0.2			0x	-0.2x	1x	90%	9			3	
mod/silentgear	Azure Electrum	Main	silentgear:azure_electrum		Endgame, Metal		Malleable III, Accelerate III*, Light IV*	1259	61x		50%	37	1.5	109	azure_electrum (4)	29		7	0		11	3x	0x	2x	150%	19	8		19	
mod/silentgear	Platinum	Main	silentgear:platinum		Advanced, Metal		Malleable III, Soft II*	900	21x			14	1.2	80	diamond (3)	12		4	0		4	1x	0x			18	2		12	
mod/silentgear	Wooden (Wood)	Main	silentgear:wood		Organic, Wood		Flammable, Jagged I*	59	8x		25%	15	0.6	1	wood (0)	2		0	0			0x	0x	1x	90%	7			2	
mod/silentgear	Feather	Main	silentgear:feather		Basic, Organic		trait.silentgear.flutter I	0	2x			9	1.1	1												3				
mod/silentgear	Wool	Main	silentgear:wool		Basic, Organic, Cloth		Snow Walker*	0	4x			7	0.7	7												4			4	
mod/silentgear	Purple Wool	Main	silentgear:wool/purple	Wool	Basic, Organic, Cloth		Snow Walker*	0	4x			7	0.7	7												4			4	
mod/silentgear	Glowstone	Main	silentgear:glowstone		Intermediate, Gem, Dust	Yes	Renew III						+15%	40		15		3	0.4			3x								
mod/silentgear	Stone	Main	silentgear:stone		Rock, Basic		Ancient I*	131	5x			5	0.5	4	stone (1)	4		1	0			0x	-0.2x	1x	80%	5				
mod/silentgear	Tyrian Steel	Main	silentgear:tyrian_steel		Endgame, Metal		Sturdy III*, Void Ward*	3652	81x			16	1.1	100	tyrian_steel (4)	18		8	0		6	4x	0x	1.1x	110%	25	12		12	
mod/silentgear	Oak Wood	Main	silentgear:wood/oak	Wooden	Organic, Wood		Flammable, Jagged I*	59	8x		25%	15	0.6	1	wood (0)	2		0	0			0x	0x	1x	90%	7			2	
mod/silentgear	Lumium	Main	silentgear:lumium		Advanced, Metal		Malleable III, Refractive*	920	20x		15%	14	1.3	75	diamond (3)	15		4	0.2		3	2x	0x			18	4		10	
mod/silentgear	Netherwood	Main	silentgear:netherwood	Wooden	Organic, Wood		Flexible III, Jagged II*	72	12x	50%	10%	13	0.7	4	netherwood (0)	2		0	0.2			0x	0x	1x	80%	8			6	
mod/silentgear	Gray Terracotta	Main	silentgear:terracotta/gray	Terracotta	Rock, Basic		Brittle I, Chipping II, Rustic I	165	11x		-10%	9	0.8	7	terracotta (1)	4		1.5	0.2			0x	-0.2x	1x	90%	9			3	
mod/silentgear	Bismuth	Main	silentgear:bismuth		Intermediate, Metal		Malleable II, Lustrous II*	330	10x			12	0.9	35	iron (2)	5		2.5	0.1		3.5	1x	0x			16	2		6	
mod/silentgear	Brown Terracotta	Main	silentgear:terracotta/brown	Terracotta	Rock, Basic		Brittle I, Chipping II, Rustic I	165	11x		-10%	9	0.8	7	terracotta (1)	4		1.5	0.2			0x	-0.2x	1x	90%	9			3	
mod/silentgear	Enderium	Main	silentgear:enderium		Endgame, Metal		Malleable III	1200	34x		15%	13	1.2	80	netherite (4)	18		6	0		4	3x	0x			22	8		10	
mod/silentgear	Blue Terracotta	Main	silentgear:terracotta/blue	Terracotta	Rock, Basic		Brittle I, Chipping II, Rustic I	165	11x		-10%	9	0.8	7	terracotta (1)	4		1.5	0.2			0x	-0.2x	1x	90%	9			3	
mod/silentgear	Red Wool	Main	silentgear:wool/red	Wool	Basic, Organic, Cloth		Snow Walker*	0	4x			7	0.7	7												4			4	
mod/silentgear	Pink Terracotta	Main	silentgear:terracotta/pink	Terracotta	Rock, Basic		Brittle I, Chipping II, Rustic I	165	11x		-10%	9	0.8	7	terracotta (1)	4		1.5	0.2			0x	-0.2x	1x	90%	9			3	
mod/silentgear	Titanium	Main	silentgear:titanium		Endgame, Metal		Malleable II, Hard IV*	1600	37x			12	1	80	netherite (4)	8		6	0		1	1x	-0.2x			24	8		4	
mod/silentgear	Crimson Iron	Main	silentgear:crimson_iron		Advanced, Metal		Malleable III, Hard II*, Heat-Resistant IV*	420	27x		50%	14	0.7	31	crimson_iron (3)	10		3	-0.1		3	2x	-0.1x	1x	110%	18	2		6	
mod/silentgear	Green Terracotta	Main	silentgear:terracotta/green	Terracotta	Rock, Basic		Brittle I, Chipping II, Rustic I	165	11x		-10%	9	0.8	7	terracotta (1)	4		1.5	0.2			0x	-0.2x	1x	90%	9			3	
mod/silentgear	Netherrack	Main	silentgear:netherrack		Rock, Basic, Organic		Eroded III*, Flexible II	142	5x		-20%	8	0.8	11	netherrack (1)	5		0.5	0		0.5	0.5x	0.1x	0.8x	100%	8			4	
mod/silentgear	Spruce Wood	Main	silentgear:wood/spruce	Wooden	Organic, Wood		Flammable, Jagged I*	59	8x		25%	15	0.6	1	wood (0)	2		0	0			0x	0x	1x	90%	7			2	
mod/silentgear	White Terracotta	Main	silentgear:terracotta/white	Terracotta	Rock, Basic		Brittle I, Chipping II, Rustic I	165	11x		-10%	9	0.8	7	terracotta (1)	4		1.5	0.2			0x	-0.2x	1x	90%	9			3	
mod/silentgear	Diamond	Main	silentgear:diamond		Advanced, Gem		Brittle II, Lustrous I*	1561	33x			10	0.8	70	diamond (3)	8		3	0		1	2x	-0.2x	0.9x	110%	20	8		4	
mod/silentgear	Uranium	Main	silentgear:uranium		Advanced, Metal		Malleable II	800	20x		-15%	17	1.5	50	diamond (3)	6		2	0.1		2	0.5x	0.1x			13	1		3	
mod/silentgear	High-Carbon Steel	Main	silentgear:high_carbon_steel		Advanced, Metal		Malleable III	420	24x		5%	11	0.8	40	high_carbon_steel (2)	6		4	-0.2		1	2x	-0.2x			20	2		6	
mod/silentgear	Aluminum	Main	silentgear:aluminum		Intermediate, Metal		Malleable III, Soft II*, Synergistic I	365	15x			14	0.9	25	iron (2)	8		2	0.2		2	2x	0.2x			14	0.5		3	
mod/silentgear	Compressed Iron	Main	silentgear:compressed_iron		Advanced, Metal		Malleable II, Hard III*	1024	24x		-15%	12	0.8	40	diamond (3)	9		4	-0.2		1	3x	0x			20	2		4	
mod/silentgear	Fine Silk Cloth	Main	silentgear:fine_silk_cloth		Intermediate, Organic, Cloth		Snow Walker*	0	14x			14	0.9	40												6			14	
mod/silentgear	Terracotta	Main	silentgear:terracotta		Rock, Basic		Brittle I, Chipping II, Rustic I	165	11x		-10%	9	0.8	7	terracotta (1)	4		1.5	0.2			0x	-0.2x	1x	90%	9			3	
mod/silentgear	Light Blue Terracotta	Main	silentgear:terracotta/light_blue	Terracotta	Rock, Basic		Brittle I, Chipping II, Rustic I	165	11x		-10%	9	0.8	7	terracotta (1)	4		1.5	0.2			0x	-0.2x	1x	90%	9			3	
mod/silentgear	Nickel	Main	silentgear:nickel		Intermediate, Metal		Malleable III, Adamant I*	380	17x			12	1	40	iron (2)	7		2.5	0.1		1	0.5x	0.1x			13			6	
mod/silentgear	Red Terracotta	Main	silentgear:terracotta/red	Terracotta	Rock, Basic		Brittle I, Chipping II, Rustic I	165	11x		-10%	9	0.8	7	terracotta (1)	4		1.5	0.2			0x	-0.2x	1x	90%	9			3	
mod/silentgear	Refined Obsidian	Main	silentgear:refined_obsidian		Endgame, Metal		Malleable III, Hard IV*	2500	50x		-30%	40	0.8	70	diamond (3)	20		10	0.3		4	4x	0.2x			30	16		6	
mod/silentgear	Bismuth Brass	Main	silentgear:bismuth_brass		Intermediate, Metal		Malleable II, Lustrous II*	580	15x		15%	14	1.1	50	iron (2)	9		3	0.1		2	2x	0.2x			18	2		8	
mod/silentgear	Light Gray Terracotta	Main	silentgear:terracotta/light_gray	Terracotta	Rock, Basic		Brittle I, Chipping II, Rustic I	165	11x		-10%	9	0.8	7	terracotta (1)	4		1.5	0.2			0x	-0.2x	1x	90%	9			3	
mod/silentgear	Bone	Main	silentgear:bone		Basic, Organic		Chipping II	108	4x			5	0.9	8	bone (1)	4		2	0.1		1	1x	0x	0.9x	100%	5			1	
mod/silentgear	Iron	Main	silentgear:iron		Intermediate, Metal		Malleable III	250	15x			14	0.7	20	iron (2)	6		2	0		1	1x	0.1x	1x	110%	15			6	
mod/silentgear	Crimson Steel	Main	silentgear:crimson_steel		Endgame, Metal		Malleable V, Hard III*, Flame Ward*	2400	42x		50%	19	0.9	83	crimson_steel (4)	15		6	-0.1		6	3x	-0.1x	1x	130%	22	10		10	
mod/silentgear	Birch Wood	Main	silentgear:wood/birch	Wooden	Organic, Wood		Flammable, Jagged I*	59	8x		25%	15	0.6	1	wood (0)	2		0	0			0x	0x	1x	90%	7			2	
mod/silentgear	Flint	Main	silentgear:flint		Rock, Basic		Jagged III*	124	4x			3	0.8	6	flint (1)	5		2	-0.1			1x	-0.3x	1x	100%	4				
mod/silentgear	Red Sandstone	Main	silentgear:sandstone/red	Sandstone	Rock, Basic			117	6x		-10%	7	0.7	7	sandstone (1)	4		1	0.1			0x	-0.1x	1x	80%	5				
mod/silentgear	Dark Oak Wood	Main	silentgear:wood/dark_oak	Wooden	Organic, Wood		Flammable, Jagged I*	59	8x		25%	15	0.6	1	wood (0)	2		0	0			0x	0x	1x	90%	7			2	
mod/silentgear	Aluminum Steel	Main	silentgear:aluminum_steel		Advanced, Metal		Malleable IV, Synergistic II*	660	18x		-15%	11	1	45	diamond (3)	8		4	0.1		1.5	2x	0x			18	2		6	
mod/silentgear	Barrier	Main	silentgear:barrier		Intangible		Adamant V, Holy V*	1337	84x		-100%	5	0.5	111	wood (0)	5		1	0		1	1x	0x			20	10		10	
mod/silentgear	Jungle Wood	Main	silentgear:wood/jungle	Wooden	Organic, Wood		Flammable, Jagged I*	59	8x		25%	15	0.6	1	wood (0)	2		0	0			0x	0x	1x	90%	7			2	
mod/silentgear	Orange Wool	Main	silentgear:wool/orange	Wool	Basic, Organic, Cloth		Snow Walker*	0	4x			7	0.7	7												4			4	
mod/silentgear	Emerald	Main	silentgear:emerald		Advanced, Gem		Brittle I, Synergistic II	1080	24x		25%	16	1	40	emerald (2)	10		2	0		2	1x	-0.1x	1.1x	90%	16	4		6	
mod/silentgear	Brass	Main	silentgear:brass		Intermediate, Metal		Malleable II, Silky*	240	8x		15%	13	1.2	25	iron (2)	7		1.5	0.1		1.5	2x	0.2x			14	1		6	
mod/silentgear	Silver	Main	silentgear:silver		Intermediate, Metal		Malleable II, Soft I*	64	9x			20	1.1	40	gold (1)	11		0	0.2		4	0x	0.3x			11			10	
mod/silentgear	Lime Wool	Main	silentgear:wool/lime	Wool	Basic, Organic, Cloth		Snow Walker*	0	4x			7	0.7	7												4			4	
mod/silentgear	Yellow Wool	Main	silentgear:wool/yellow	Wool	Basic, Organic, Cloth		Snow Walker*	0	4x			7	0.7	7												4			4	
mod/silentgear	Green Wool	Main	silentgear:wool/green	Wool	Basic, Organic, Cloth		Snow Walker*	0	4x			7	0.7	7												4			4	
mod/silentgear	Bronze	Main	silentgear:bronze		Intermediate, Metal		Sharp I*	300	13x		15%	12	1.1	15	bronze (2)	6		2.5	0.2		1	2x	-0.2x			15	1		6	
mod/silentgear	Copper	Main	silentgear:copper		Basic, Metal		Soft I*	151	12x			15	1.3	12	copper (1.5)	5		1.5	0.1		1	0.1x	0x			10			8	
mod/silentgear	Invar	Main	silentgear:invar		Intermediate, Metal		Malleable III, Adamant II*	640	20x		15%	13	1.2	50	iron (2)	7		3.5	0		3	2x	0x			18	2		6	
mod/silentgear	White Wool	Main	silentgear:wool/white	Wool	Basic, Organic, Cloth		Snow Walker*	0	4x			7	0.7	7												4			4	
mod/silentgear	Signalum	Main	silentgear:signalum		Endgame, Metal		Flexible II, Lustrous IV*	800	25x		15%	16	1.2	50	diamond (3)	13		3	0		4	2x	0.2x			16	2		4	
mod/silentgear	Turtle	Main	silentgear:turtle		Intermediate, Organic		Turtle*	0				9	0.5	20															4	
mod/silentgear	Refined Glowstone	Main	silentgear:refined_glowstone		Advanced, Metal		Malleable II, Lustrous IV*	300	18x		15%	18	0.8	45	iron (2)	14		5	0		3	3x	0x			19			8	
mod/silentgear	End Stone	Main	silentgear:end_stone		Rock, Basic		Jagged III*, Ancient II*	1164	15x		-20%	10	0.9	32	end_stone (1)	7		2	0.1		3	0x	0x	1x	80%	15	1		6	
mod/silentgear	Bismuth Steel	Main	silentgear:bismuth_steel		Advanced, Metal		Malleable III, Lustrous II*	1050	25x		-15%	14	1	60	diamond (3)	10		4	-0.1		5	3x	0.1x			20	4		8	
mod/silentgear	Zinc	Main	silentgear:zinc		Basic, Metal		Malleable I, Soft II*	192	10x			15	1.1	10	stone (1)	3		1.5	0		1	0x	0x			10			2	
mod/silentgear	Diorite	Main	silentgear:stone/diorite	Stone	Rock, Basic		Ancient I*	131	5x			5	0.5	4	stone (1)	4		1	0			0x	-0.2x	1x	80%	5				
mod/silentgear	Lime Terracotta	Main	silentgear:terracotta/lime	Terracotta	Rock, Basic		Brittle I, Chipping II, Rustic I	165	11x		-10%	9	0.8	7	terracotta (1)	4		1.5	0.2			0x	-0.2x	1x	90%	9			3	
mod/silentgear	Black Terracotta	Main	silentgear:terracotta/black	Terracotta	Rock, Basic		Brittle I, Chipping II, Rustic I	165	11x		-10%	9	0.8	7	terracotta (1)	4		1.5	0.2			0x	-0.2x	1x	90%	9			3	
mod/silentgear	Redstone Alloy	Main	silentgear:redstone_alloy		Intermediate, Metal		Malleable III, Eroded III*	840	20x		-15%	18	0.9	45	iron (2)	11		2	0.2		4	1x	0.2x			17	1		8	
mod/silentgear	Blaze Gold	Main	silentgear:blaze_gold		Advanced, Metal		Brilliant*, Greedy III, Malleable III	69	9x			24	1.2	45	blaze_gold (2)	15		2	0.1		5	1x	0.2x	1.2x	90%	13	1		10	
mod/silentgear	Brown Wool	Main	silentgear:wool/brown	Wool	Basic, Organic, Cloth		Snow Walker*	0	4x			7	0.7	7												4			4	
mod/silentgear	Phantom Membrane	Main	silentgear:phantom_membrane		Intermediate, Organic, Cloth		Renew II*	0	12x			10	0.7	35												6			8	
mod/silentgear	Granite	Main	silentgear:stone/granite	Stone	Rock, Basic		Ancient I*	131	5x			5	0.5	4	stone (1)	4		1	0			0x	-0.2x	1x	80%	5				
mod/silentgear	Black Wool	Main	silentgear:wool/black	Wool	Basic, Organic, Cloth		Snow Walker*	0	4x			7	0.7	7												4			4	
mod/silentgear	Leaf (Leaves)	Main	silentgear:leaves		Basic, Organic		Flammable, Light I*	0	2x			12	1.1	1												3				
mod/silentgear	Electrum	Main	silentgear:electrum		Intermediate, Metal		Malleable II, Soft II*	96	10x			25	1.5	40	iron (2)	14		2	0.3		5	1x	0.4x			15			11	
mod/silentgear	Andesite	Main	silentgear:stone/andesite	Stone	Rock, Basic		Ancient I*	131	5x			5	0.5	4	stone (1)	4		1	0			0x	-0.2x	1x	80%	5				
mod/silentgear	Example	Main	silentgear:example		Intangible			100	6x			1	1	0	wood (0)	1		1	0		1	0x	0x			4	1		1	
mod/silentgear	Azure Silver	Main	silentgear:azure_silver		Advanced, Metal		Malleable III, Soft II*, Moonwalker IV*	197	17x		50%	29	1.4	83	azure_silver (3)	19		5	0		7	2x	0x	1.2x	110%	13			13	
mod/silentgear	Tin	Main	silentgear:tin		Basic, Metal		Malleable I, Soft II*	192	13x			12	1.1	15	stone (1)	5		1.5	0		1	0.5x	0x			12			2	
mod/silentgear	Cyan Wool	Main	silentgear:wool/cyan	Wool	Basic, Organic, Cloth		Snow Walker*	0	4x			7	0.7	7												4			4	
mod/silentgear	Magenta Terracotta	Main	silentgear:terracotta/magenta	Terracotta	Rock, Basic		Brittle I, Chipping II, Rustic I	165	11x		-10%	9	0.8	7	terracotta (1)	4		1.5	0.2			0x	-0.2x	1x	90%	9			3	
mod/silentgear	Golden (Gold)	Tip Upgrade	silentgear:gold		Intermediate, Metal		Malleable I, Soft III*	+16	+1					+30		+6					+2		+0.2							
mod/silentgear	Redstone	Tip Upgrade	silentgear:redstone		Intermediate, Dust, Metal									+10		x1.2		+2	+0.3			+2								
mod/silentgear	Lapis Lazuli	Tip Upgrade	silentgear:lapis_lazuli		Intermediate, Gem		Holy I*, Lucky IV*								lapis_lazuli (1.5)	x0.9			+0.3		+2									
mod/silentgear	Quartz	Tip Upgrade	silentgear:quartz		Intermediate, Gem		Chipping I, Jagged III*	+64	+64					+20	quartz (2)	+2		+4				+1.5								
mod/silentgear	Dimerald	Tip Upgrade	silentgear:dimerald		Advanced, Gem		Imperial II*	+360						+25		+2		+2			+1	+0.5								
mod/silentgear	Amethyst	Tip Upgrade	silentgear:amethyst		Intermediate, Gem		Silky*	x0.75							amethyst (1.5)															
mod/silentgear	Azure Electrum	Tip Upgrade	silentgear:azure_electrum		Endgame, Metal		Malleable III	+401	+11						azure_electrum (4)	+5														
mod/silentgear	Glowstone	Tip Upgrade	silentgear:glowstone		Intermediate, Gem, Dust		Refractive*, Lustrous IV*							+15		x1.4		+2			+2		x1.3							
mod/silentgear	Tyrian Steel	Tip Upgrade	silentgear:tyrian_steel		Endgame, Metal		Imperial III*, Gold Digger III*	+251						+30	tyrian_steel (4)															
mod/silentgear	Crimson Iron	Tip Upgrade	silentgear:crimson_iron		Advanced, Metal		Fiery I	+224	+8					+10	crimson_iron (3)	+2		+2												
mod/silentgear	Diamond	Tip Upgrade	silentgear:diamond		Advanced, Gem		Brittle II, Lustrous II*	+256	+9					+20	diamond (3)	+2		+2			+1	+0.5								
mod/silentgear	Refined Obsidian	Tip Upgrade	silentgear:refined_obsidian		Endgame, Metal		Vulcan*	+600																						
mod/silentgear	Iron	Tip Upgrade	silentgear:iron		Intermediate, Metal		Malleable II	+128	+4					+8	iron (2)	+1		+1					+0.2							
mod/silentgear	Crimson Steel	Tip Upgrade	silentgear:crimson_steel		Endgame, Metal		Magmatic*	+448	+16					+20	crimson_steel (4)															
mod/silentgear	Emerald	Tip Upgrade	silentgear:emerald		Advanced, Gem		Brittle I, Synergistic II	+512	+12					+20	emerald (2)	+2		+1			+2	+1								
mod/silentgear	Bronze	Tip Upgrade	silentgear:bronze		Intermediate, Metal		Malleable II	+96	+2					+6	bronze (2)	+0.75		+0.75	+0.1											
mod/silentgear	Copper	Tip Upgrade	silentgear:copper		Basic, Metal		Malleable I, trait.silentgear.dulling I	+32	+1					+4	copper (1.5)	+1														
mod/silentgear	Refined Glowstone	Tip Upgrade	silentgear:refined_glowstone		Advanced, Metal		Refractive*									+5														
mod/silentgear	Blaze Gold	Tip Upgrade	silentgear:blaze_gold		Advanced, Metal		Soft II*, Fiery IV	+32	+3					+14	blaze_gold (2)	+4		+1			+1									
mod/silentgear	Example	Tip Upgrade	silentgear:example		Intangible																									
mod/silentgear	Azure Silver	Tip Upgrade	silentgear:azure_silver		Advanced, Metal		Malleable II, Fortunate III	+83	+3					+31	azure_silver (3)	+3			+0.2		+2									
mod/silentgear	Bamboo	Tool Rod	silentgear:bamboo		Basic, Organic, Wood		Flexible III																							
mod/silentgear	Golden (Gold)	Tool Rod	silentgear:gold		Intermediate, Metal		Bending IV									+3														
mod/silentgear	Sandstone	Tool Rod	silentgear:sandstone		Rock, Basic		Brittle I																							
mod/silentgear	Lead	Tool Rod	silentgear:lead		Intermediate, Metal		Soft IV*	x1.1						40		x0.9														
mod/silentgear	Osmium	Tool Rod	silentgear:osmium		Intermediate, Metal		Malleable II	x1.1		x1.1				35																
mod/silentgear	Quartz	Tool Rod	silentgear:quartz		Intermediate, Gem		Brittle III									x1.2		x1.1												
mod/silentgear	Refined Iron	Tool Rod	silentgear:refined_iron		Intermediate, Metal		Malleable IV	x1.15						25								x1.1								
mod/silentgear	Yellow Terracotta	Tool Rod	silentgear:terracotta/yellow	Terracotta	Rock, Basic		Brittle II, Crushing I											x1.1												
mod/silentgear	Warped Wood	Tool Rod	silentgear:wood/warped	Wooden	Organic, Wood		Flexible II																							
mod/silentgear	Dimerald	Tool Rod	silentgear:dimerald		Advanced, Gem		Brittle I*, Ancient III*									x1.15														
mod/silentgear	Crimson Wood	Tool Rod	silentgear:wood/crimson	Wooden	Organic, Wood		Flexible II																							
mod/silentgear	Acacia Wood	Tool Rod	silentgear:wood/acacia	Wooden	Organic, Wood		Flexible II																							
mod/silentgear	Basalt	Tool Rod	silentgear:basalt		Rock, Basic		Brittle III, Chipping II									x1.1		x0.9												
mod/silentgear	Cyan Terracotta	Tool Rod	silentgear:terracotta/cyan	Terracotta	Rock, Basic		Brittle II, Crushing I											x1.1												
mod/silentgear	Blackstone	Tool Rod	silentgear:blackstone		Rock, Basic		Brittle I, Jagged II*, Hard I*									x0.9														
mod/silentgear	Steel	Tool Rod	silentgear:steel		Intermediate, Metal		Malleable V	x1.25						40																
mod/silentgear	Obsidian	Tool Rod	silentgear:obsidian		Rock, Advanced		Brittle II, Chipping III									x0.9														
mod/silentgear	Purple Terracotta	Tool Rod	silentgear:terracotta/purple	Terracotta	Rock, Basic		Brittle II, Crushing I											x1.1												
mod/silentgear	Orange Terracotta	Tool Rod	silentgear:terracotta/orange	Terracotta	Rock, Basic		Brittle II, Crushing I											x1.1												
mod/silentgear	Azure Electrum	Tool Rod	silentgear:azure_electrum		Endgame, Metal		Flexible II, Accelerate V*									+3								x2.5						
mod/silentgear	Blaze Rod	Tool Rod	silentgear:blaze_rod		Metal		Flexible IV, Reach I									x1.1		x1.2				x1.1								
mod/silentgear	Platinum	Tool Rod	silentgear:platinum		Advanced, Metal		Malleable II, Soft IV*	x0.9		x1.1				70																
mod/silentgear	Wooden (Wood)	Tool Rod	silentgear:wood		Organic, Wood		Flexible II																							
mod/silentgear	Stone	Tool Rod	silentgear:stone		Rock, Basic		Brittle II, Crushing II									x1.1														
mod/silentgear	Tyrian Steel	Tool Rod	silentgear:tyrian_steel		Endgame, Metal		Sturdy IV*									-2														
mod/silentgear	Oak Wood	Tool Rod	silentgear:wood/oak	Wooden	Organic, Wood		Flexible II																							
mod/silentgear	Lumium	Tool Rod	silentgear:lumium		Advanced, Metal		Malleable III, Refractive*							75		x1.2						x1.1								
mod/silentgear	Netherwood	Tool Rod	silentgear:netherwood	Wooden	Organic, Wood		Flexible I									+1		+0.5												
mod/silentgear	Gray Terracotta	Tool Rod	silentgear:terracotta/gray	Terracotta	Rock, Basic		Brittle II, Crushing I											x1.1												
mod/silentgear	Bismuth	Tool Rod	silentgear:bismuth		Intermediate, Metal		Malleable II	x1.1						35		x1.1														
mod/silentgear	Brown Terracotta	Tool Rod	silentgear:terracotta/brown	Terracotta	Rock, Basic		Brittle II, Crushing I											x1.1												
mod/silentgear	Enderium	Tool Rod	silentgear:enderium		Endgame, Metal		Malleable II	x1.2						60		x1.2														
mod/silentgear	Blue Terracotta	Tool Rod	silentgear:terracotta/blue	Terracotta	Rock, Basic		Brittle II, Crushing I											x1.1												
mod/silentgear	Pink Terracotta	Tool Rod	silentgear:terracotta/pink	Terracotta	Rock, Basic		Brittle II, Crushing I											x1.1												
mod/silentgear	Titanium	Tool Rod	silentgear:titanium		Endgame, Metal		Flexible II, Hard IV*	x1.1						80				+2, x1.2												
mod/silentgear	Crimson Iron	Tool Rod	silentgear:crimson_iron		Advanced, Metal		Flexible III											x1.1												
mod/silentgear	Green Terracotta	Tool Rod	silentgear:terracotta/green	Terracotta	Rock, Basic		Brittle II, Crushing I											x1.1												
mod/silentgear	Netherrack	Tool Rod	silentgear:netherrack		Rock, Basic, Organic		Eroded II*, Bending II																							
mod/silentgear	Spruce Wood	Tool Rod	silentgear:wood/spruce	Wooden	Organic, Wood		Flexible II																							
mod/silentgear	White Terracotta	Tool Rod	silentgear:terracotta/white	Terracotta	Rock, Basic		Brittle II, Crushing I											x1.1												
mod/silentgear	Diamond	Tool Rod	silentgear:diamond		Advanced, Gem		Brittle V*, Lustrous IV*									x1.2														
mod/silentgear	Uranium	Tool Rod	silentgear:uranium		Advanced, Metal		Malleable II							40		x1.1							x1.1							
mod/silentgear	Aluminum	Tool Rod	silentgear:aluminum		Intermediate, Metal		Malleable III, Synergistic II	x1.2						30								x1.1								
mod/silentgear	Compressed Iron	Tool Rod	silentgear:compressed_iron		Advanced, Metal		Malleable II	x1.25						40																
mod/silentgear	Terracotta	Tool Rod	silentgear:terracotta		Rock, Basic		Brittle II, Crushing I											x1.1												
mod/silentgear	Light Blue Terracotta	Tool Rod	silentgear:terracotta/light_blue	Terracotta	Rock, Basic		Brittle II, Crushing I											x1.1												
mod/silentgear	Nickel	Tool Rod	silentgear:nickel		Intermediate, Metal		Malleable III	x1.2						40				x1.1												
mod/silentgear	Red Terracotta	Tool Rod	silentgear:terracotta/red	Terracotta	Rock, Basic		Brittle II, Crushing I											x1.1												
mod/silentgear	Refined Obsidian	Tool Rod	silentgear:refined_obsidian		Endgame, Metal		Malleable IV, Hard III*	x1.25						70																
mod/silentgear	Bismuth Brass	Tool Rod	silentgear:bismuth_brass		Intermediate, Metal		Malleable II	x0.9						50		x1.2														
mod/silentgear	Light Gray Terracotta	Tool Rod	silentgear:terracotta/light_gray	Terracotta	Rock, Basic		Brittle II, Crushing I											x1.1												
mod/silentgear	Bone	Tool Rod	silentgear:bone		Basic, Organic		Flexible II											x1.2												
mod/silentgear	Iron	Tool Rod	silentgear:iron		Intermediate, Metal		Flexible II																							
mod/silentgear	Crimson Steel	Tool Rod	silentgear:crimson_steel		Endgame, Metal		Flexible IV, Sturdy I*									x1.2						+1								
mod/silentgear	Birch Wood	Tool Rod	silentgear:wood/birch	Wooden	Organic, Wood		Flexible II																							
mod/silentgear	Flint	Tool Rod	silentgear:flint		Rock, Basic		Brittle III, Jagged II*																							
mod/silentgear	Red Sandstone	Tool Rod	silentgear:sandstone/red	Sandstone	Rock, Basic		Brittle I																							
mod/silentgear	Dark Oak Wood	Tool Rod	silentgear:wood/dark_oak	Wooden	Organic, Wood		Flexible II																							
mod/silentgear	Aluminum Steel	Tool Rod	silentgear:aluminum_steel		Advanced, Metal		Malleable III, Synergistic III	x1.3						45		x1.1														
mod/silentgear	Jungle Wood	Tool Rod	silentgear:wood/jungle	Wooden	Organic, Wood		Flexible II																							
mod/silentgear	Emerald	Tool Rod	silentgear:emerald		Advanced, Gem		Brittle IV*									x1.3														
mod/silentgear	Brass	Tool Rod	silentgear:brass		Intermediate, Metal		Malleable II	x1.05						25		x1.05														
mod/silentgear	Rough Wood	Tool Rod	silentgear:wood/rough		Organic, Wood		Crude III, Bending V																							
mod/silentgear	Silver	Tool Rod	silentgear:silver		Intermediate, Metal		Malleable I, Soft II*							40		x1.1					x1.1									
mod/silentgear	Bronze	Tool Rod	silentgear:bronze		Intermediate, Metal		Flexible I											x1.05												
mod/silentgear	Copper	Tool Rod	silentgear:copper		Basic, Metal		Bending III, Soft III*									x1.2														
mod/silentgear	Invar	Tool Rod	silentgear:invar		Intermediate, Metal		Malleable III	x1.3						50				x1.1												
mod/silentgear	Signalum	Tool Rod	silentgear:signalum		Endgame, Metal		Flexible IV, Lustrous II*			x0.9				50		x1.3														
mod/silentgear	Refined Glowstone	Tool Rod	silentgear:refined_glowstone		Advanced, Metal		Malleable IV, Lustrous I*	x0.9						45		x1.2														
mod/silentgear	End Stone	Tool Rod	silentgear:end_stone		Rock, Basic		Malleable I, Ancient IV*											+1												
mod/silentgear	Bismuth Steel	Tool Rod	silentgear:bismuth_steel		Advanced, Metal		Malleable III	x1.25						60		x1.15														
mod/silentgear	Zinc	Tool Rod	silentgear:zinc		Basic, Metal		Malleable II, Soft III*	x0.95						15				x1.05												
mod/silentgear	Breeze Rod	Tool Rod	silentgear:breeze_rod		Metal		Flexible IV, Wind Blast*									x1.2		x1.1				x1.2								
mod/silentgear	Diorite	Tool Rod	silentgear:stone/diorite	Stone	Rock, Basic		Brittle II, Crushing II									x1.1														
mod/silentgear	Lime Terracotta	Tool Rod	silentgear:terracotta/lime	Terracotta	Rock, Basic		Brittle II, Crushing I											x1.1												
mod/silentgear	Black Terracotta	Tool Rod	silentgear:terracotta/black	Terracotta	Rock, Basic		Brittle II, Crushing I											x1.1												
mod/silentgear	Redstone Alloy	Tool Rod	silentgear:redstone_alloy		Intermediate, Metal		Malleable III							45		x1.2														
mod/silentgear	Blaze Gold	Tool Rod	silentgear:blaze_gold		Advanced, Metal		Flexible III									x1.1														
mod/silentgear	Granite	Tool Rod	silentgear:stone/granite	Stone	Rock, Basic		Brittle II, Crushing II									x1.1														
mod/silentgear	Electrum	Tool Rod	silentgear:electrum		Intermediate, Metal		Lustrous III*							40					+0.1				x1.1							
mod/silentgear	Andesite	Tool Rod	silentgear:stone/andesite	Stone	Rock, Basic		Brittle II, Crushing II									x1.1														
mod/silentgear	Example	Tool Rod	silentgear:example		Intangible																									
mod/silentgear	Azure Silver	Tool Rod	silentgear:azure_silver		Advanced, Metal		Bending II	x0.8								+3														
mod/silentgear	Tin	Tool Rod	silentgear:tin		Basic, Metal		Malleable II, Soft I*							15					+0.2											
mod/silentgear	End Rod	Tool Rod	silentgear:end_rod		Metal		Flexible IV, Sturdy II, Refractive*									x1.2		x1.1				x1.1								
mod/silentgear	Magenta Terracotta	Tool Rod	silentgear:terracotta/magenta	Terracotta	Rock, Basic		Brittle II, Crushing I											x1.1												
