{
  "type": "releaserewards:player_and_pokemon",
  "pools": [
    {
      "rolls": 1,
      "name": "type_rewards",
      "entries": [
        {
          "type": "releaserewards:type_rewards"
        }
      ]
    },
    {
      "rolls": 1,
      "name": "species_rewards",
      "entries": [
        {
          "type": "releaserewards:species_rewards"
        }
      ]
    },
    {
      "rolls": 1,
      "name": "global_rewards_pokemon_drops",
      "entries": [
        {
          "type": "releaserewards:pokemon_drops",
          "weight": 2
        },
        {
          "type": "empty",
          "weight": 3
        }
      ]
    },
    {
      "rolls": 1,
      "name": "global_rewards",
      "entries": [
        {
          "type": "empty",
          "weight": 2
        },
        {
          "type": "item",
          "weight": 4,
          "name": "cobblemon:exp_candy_xs",
          "conditions": [
            {
              "condition": "releaserewards:value_range",
              "value_type": "level",
              "range": {
                "min": 1,
                "max": 15
              }
            }
          ],
          "functions": [
            {
              "function": "set_count",
              "count": {
                "min": 1,
                "max": 3
              }
            }
          ]
        },
        {
          "type": "item",
          "weight": 4,
          "name": "cobblemon:exp_candy_s",
          "conditions": [
            {
              "condition": "releaserewards:value_range",
              "value_type": "level",
              "range": {
                "min": 16,
                "max": 35
              }
            }
          ],
          "functions": [
            {
              "function": "set_count",
              "count": {
                "min": 1,
                "max": 3
              }
            }
          ]
        },
        {
          "type": "item",
          "weight": 3,
          "name": "cobblemon:exp_candy_m",
          "conditions": [
            {
              "condition": "releaserewards:value_range",
              "value_type": "level",
              "range": {
                "min": 31,
                "max": 50
              }
            }
          ],
          "functions": [
            {
              "function": "set_count",
              "count": {
                "min": 1,
                "max": 3
              }
            }
          ]
        },
        {
          "type": "item",
          "weight": 2,
          "name": "cobblemon:exp_candy_l",
          "conditions": [
            {
              "condition": "releaserewards:value_range",
              "value_type": "level",
              "range": {
                "min": 46,
                "max": 75
              }
            }
          ],
          "functions": [
            {
              "function": "set_count",
              "count": {
                "min": 1,
                "max": 3
              }
            }
          ]
        },
        {

          "type": "item",
          "weight": 2,
          "name": "cobblemon:exp_candy_xl",
          "conditions": [
            {
              "condition": "releaserewards:value_range",
              "value_type": "level",
              "range": {
                "min": 71,
                "max": 100
              }
            }
          ],
          "functions": [
            {
              "function": "set_count",
              "count": {
                "min": 1,
                "max": 3
              }
            }
          ]
        },
        {
          "type": "releaserewards:stats_weighted",
          "weight": 6,
          "subset": "base",
          "items": {
            "hp": { "id": "cobblemon:health_feather" },
            "atk": { "id": "cobblemon:muscle_feather" },
            "def": { "id": "cobblemon:resist_feather" },
            "spa": { "id": "cobblemon:genius_feather" },
            "spd": { "id": "cobblemon:clever_feather" },
            "spe": { "id": "cobblemon:swift_feather" }
          },
          "functions": [
            {
              "function": "set_count",
              "count": {
                "min": 2,
                "max": 4
              }
            },
            {
              "function": "releaserewards:level_bonus",
              "levels_per": 5
            }
          ]
        },
        {
          "type": "releaserewards:stats_weighted",
          "weight": 4,
          "subset": "base",
          "items": {
            "hp": { "id": "cobblemon:hp_up" },
            "atk": { "id": "cobblemon:protein" },
            "def": { "id": "cobblemon:iron" },
            "spa": { "id": "cobblemon:calcium" },
            "spd": { "id": "cobblemon:zinc" },
            "spe": { "id": "cobblemon:carbos" }
          },
          "conditions": [
            {
              "condition": "releaserewards:value_range",
              "value_type": "level",
              "range": {
                "min": 50,
                "max": 100
              }
            }
          ],
          "functions": [
            {
              "function": "set_count",
              "count": {
                "min": 1,
                "max": 2
              }
            },
            {
              "function": "releaserewards:level_bonus",
              "starting_at": 50,
              "levels_per": 25
            }
          ]
        }
      ]
    },
    {
      "rolls": 1,
      "name": "pokemon_commits_tax_fraud",
      "entries": [
        {
          "type": "empty",
          "weight": 2
        },
        {
          "type": "item",
          "weight": 1,
          "name": "cobblemon:relic_coin",
          "conditions": [
            {
              "condition": "releaserewards:knows_move",
              "moves": [ "payday", "covet", "switcheroo", "trick", "thief" ]
            }
          ],
          "functions": [
            {
              "function": "set_count",
              "count": {
                "min": 5,
                "max": 15
              }
            }
          ]
        }
      ]
    },
    {
      "rolls": 1,
      "name": "pokemon_has_shell_move",
      "entries": [
        {
          "type": "empty",
          "weight": 3
        },
        {
          "type": "item",
          "weight": 1,
          "name": "minecraft:shulker_shell",
          "conditions": [
            {
              "condition": "releaserewards:knows_move",
              "moves": [ "shellsmash", "shelltrap", "razorshell", "clamp", "withdraw", "shellsidearm" ]
            }
          ]
        }
      ]
    },
    {
      "rolls": 1,
      "name": "blazeit1",
      "entries": [
        {
          "type": "empty",
          "weight": 1
        },
        {
          "type": "item",
          "weight": 1,
          "name": "minecraft:blaze_rod",
          "conditions": [
            {
              "condition": "releaserewards:pokemon_properties",
              "properties": "ability=flamebody"
            }
          ],
          "functions": [
            {
              "function": "set_count",
              "count": {
                "min": 1,
                "max": 2
              }
            }
          ]
        }
      ]
    },
    {
      "rolls": 1,
      "name": "blazeit2",
      "entries": [
        {
          "type": "empty",
          "weight": 1
        },
        {
          "type": "item",
          "weight": 1,
          "name": "minecraft:blaze_rod",
          "conditions": [
            {
              "condition": "releaserewards:pokemon_properties",
              "properties": "ability=magmaarmor"
            }
          ],
          "functions": [
            {
              "function": "set_count",
              "count": {
                "min": 1,
                "max": 2
              }
            }
          ]
        }
      ]
    },
    {
      "rolls": 1,
      "name": "taxfraud1",
      "entries": [
        {
          "type": "empty",
          "weight": 3
        },
        {
          "type": "item",
          "weight": 1,
          "name": "cobblemon:relic_coin",
          "conditions": [
            {
              "condition": "releaserewards:pokemon_properties",
              "properties": "ability=pickup"
            }
          ],
          "functions": [
            {
              "function": "set_count",
              "count": {
                "min": 5,
                "max": 25
              }
            }
          ]
        }
      ]
    },
    {
      "rolls": 1,
      "name": "taxfraud2",
      "entries": [
        {
          "type": "empty",
          "weight": 3
        },
        {
          "type": "item",
          "weight": 1,
          "name": "cobblemon:relic_coin",
          "conditions": [
            {
              "condition": "releaserewards:pokemon_properties",
              "properties": "ability=stickyhold"
            }
          ],
          "functions": [
            {
              "function": "set_count",
              "count": {
                "min": 5,
                "max": 25
              }
            }
          ]
        }
      ]
    },
    {
      "rolls": 1,
      "name": "taxfraud3",
      "entries": [
        {
          "type": "empty",
          "weight": 3
        },
        {
          "type": "item",
          "weight": 1,
          "name": "cobblemon:relic_coin",
          "conditions": [
            {
              "condition": "releaserewards:pokemon_properties",
              "properties": "ability=frisk"
            }
          ],
          "functions": [
            {
              "function": "set_count",
              "count": {
                "min": 5,
                "max": 25
              }
            }
          ]
        }
      ]
    },
    {
      "rolls": 1,
      "name": "taxfraud4",
      "entries": [
        {
          "type": "empty",
          "weight": 3
        },
        {
          "type": "item",
          "weight": 1,
          "name": "cobblemon:relic_coin",
          "conditions": [
            {
              "condition": "releaserewards:pokemon_properties",
              "properties": "ability=pickpocket"
            }
          ],
          "functions": [
            {
              "function": "set_count",
              "count": {
                "min": 5,
                "max": 25
              }
            }
          ]
        }
      ]
    },
    {
      "rolls": 1,
      "name": "taxfraud5",
      "entries": [
        {
          "type": "empty",
          "weight": 3
        },
        {
          "type": "item",
          "weight": 1,
          "name": "cobblemon:relic_coin",
          "conditions": [
            {
              "condition": "releaserewards:pokemon_properties",
              "properties": "ability=magician"
            }
          ],
          "functions": [
            {
              "function": "set_count",
              "count": {
                "min": 5,
                "max": 25
              }
            }
          ]
        }
      ]
    },
    {
      "rolls": 1,
      "name": "shellability1",
      "entries": [
        {
          "type": "empty",
          "weight": 4
        },
        {
          "type": "item",
          "weight": 1,
          "name": "minecraft:shulker_shell",
          "conditions": [
            {
              "condition": "releaserewards:pokemon_properties",
              "properties": "ability=shellarmor"
            }
          ],
          "functions": [
            {
              "function": "set_count",
              "count": {
                "min": 1,
                "max": 1
              }
            }
          ]
        }
      ]
    },
    {
      "rolls": 1,
      "name": "shellability2",
      "entries": [
        {
          "type": "empty",
          "weight": 4
        },
        {
          "type": "item",
          "weight": 1,
          "name": "minecraft:shulker_shell",
          "conditions": [
            {
              "condition": "releaserewards:pokemon_properties",
              "properties": "ability=angershell"
            }
          ],
          "functions": [
            {
              "function": "set_count",
              "count": {
                "min": 1,
                "max": 1
              }
            }
          ]
        }
      ]
    },
    {
      "rolls": 1,
      "name": "shellability3",
      "entries": [
        {
          "type": "empty",
          "weight": 4
        },
        {
          "type": "item",
          "weight": 1,
          "name": "minecraft:shulker_shell",
          "conditions": [
            {
              "condition": "releaserewards:pokemon_properties",
              "properties": "ability=terashell"
            }
          ],
          "functions": [
            {
              "function": "set_count",
              "count": {
                "min": 1,
                "max": 1
              }
            }
          ]
        }
      ]
    },
    {
      "rolls": 1,
      "name": "shellability4",
      "entries": [
        {
          "type": "empty",
          "weight": 4
        },
        {
          "type": "item",
          "weight": 1,
          "name": "minecraft:shulker_shell",
          "conditions": [
            {
              "condition": "releaserewards:pokemon_properties",
              "properties": "ability=shieldsdown"
            }
          ],
          "functions": [
            {
              "function": "set_count",
              "count": {
                "min": 1,
                "max": 1
              }
            }
          ]
        }
      ]
    },
    {
      "rolls": 1,
      "name": "shellability5",
      "entries": [
        {
          "type": "empty",
          "weight": 4
        },
        {
          "type": "item",
          "weight": 1,
          "name": "minecraft:shulker_shell",
          "conditions": [
            {
              "condition": "releaserewards:pokemon_properties",
              "properties": "ability=battlearmor"
            }
          ],
          "functions": [
            {
              "function": "set_count",
              "count": {
                "min": 1,
                "max": 1
              }
            }
          ]
        }
      ]
    },
    {
      "rolls": 1,
      "name": "shellability6",
      "entries": [
        {
          "type": "empty",
          "weight": 4
        },
        {
          "type": "item",
          "weight": 1,
          "name": "minecraft:shulker_shell",
          "conditions": [
            {
              "condition": "releaserewards:pokemon_properties",
              "properties": "ability=weakarmor"
            }
          ],
          "functions": [
            {
              "function": "set_count",
              "count": {
                "min": 1,
                "max": 1
              }
            }
          ]
        }
      ]
    },
    {
      "rolls": 1,
      "name": "shellability7",
      "entries": [
        {
          "type": "empty",
          "weight": 4
        },
        {
          "type": "item",
          "weight": 1,
          "name": "minecraft:shulker_shell",
          "conditions": [
            {
              "condition": "releaserewards:pokemon_properties",
              "properties": "ability=overcoat"
            }
          ],
          "functions": [
            {
              "function": "set_count",
              "count": {
                "min": 1,
                "max": 1
              }
            }
          ]
        }
      ]
    }
  ]
}