{
  "pools": [
    {
      "rolls": 1,
      "name": "shellder_shell",
      "entries": [
        {
          "type": "empty",
          "weight": 3
        },
        {
          "type": "item",
          "weight": 2,
          "name": "minecraft:shulker_shell",
          "functions": [
            {
              "function": "set_count",
              "count": {
                "min": 1,
                "max": 2
              }
            }
          ]
        },
        {
          "type": "item",
          "weight": 2,
          "name": "minecraft:nautilus_shell",
          "functions": [
            {
              "function": "set_count",
              "count": 1
            }
          ]
        },
        {
          "type": "item",
          "weight": 3,
          "name": "ends_delight:shulker_meat",
          "functions": [
            {
              "function": "set_count",
              "count": {
                "min": 1,
                "max": 2
              }
            }
          ]
        }
      ]
    }
  ]
}