{
    "type": "cobbledgacha:gacha_machine_10",
    "pools": [
        {
            "conditions": [],
            "entries": [
                {
                    "type": "minecraft:item",
                    "name": "cobbledgacha:capsule_a1",
                    "weight": 45
                },
                {
                    "type": "minecraft:item",
                    "name": "cobbledgacha:capsule_a3",
                    "weight": 25
                },
                {
                    "type": "minecraft:item",
                    "name": "cobbledgacha:capsule_a4",
                    "weight": 15
                },
                {
                    "type": "minecraft:item",
                    "name": "cobbledgacha:capsule_a9",
                    "weight": 10
                },
                {
                    "type": "minecraft:item",
                    "name": "cobbledgacha:capsule_a10",
                    "weight": 5
                },
                {
                    "type": "minecraft:item",
                    "name": "cobbledgacha:capsule_a2",
                    "weight": 0
                },
                {
                    "type": "minecraft:item",
                    "name": "cobbledgacha:capsule_a5",
                    "weight": 0
                },
                {
                    "type": "minecraft:item",
                    "name": "cobbledgacha:capsule_a6",
                    "weight": 0
                },
                {
                    "type": "minecraft:item",
                    "name": "cobbledgacha:capsule_a7",
                    "weight": 0
                },
                {
                    "type": "minecraft:item",
                    "name": "cobbledgacha:capsule_a8",
                    "weight": 0
                }
            ],
            "bonus_rolls": 0,
            "rolls": 1
        }
    ]
}




