{
  "pools": [
    {
      "rolls": 1,
      "name": "wailmer_meat",
      "entries": [
        {
          "type": "item",
          "weight": 1,
          "name": "oceansdelight:guardian",
          "functions": [
            {
              "function": "set_count",
              "count": {
                "min": 1,
                "max": 3
              }
            },
            {
              "function": "releaserewards:level_bonus",
              "levels_per": 10
            }
          ]
        }
		]
	}
	]
}
		