{
  "pools": [
    {
      "rolls": 1,
      "name": "psychic_type_release",
      "entries": [
        {
          "type": "empty",
          "weight": 3
        },
        {
          "type": "item",
          "weight": 1,
          "name": "minecraft:ender_pearl",
          "functions": [
            {
              "function": "set_count",
              "count": 1
            },
            {
              "function": "releaserewards:level_bonus",
              "starting_at": 25,
              "levels_per": 10
            }
          ]
        }
      ]
    }
  ]
}

