{
  "bookshelf:load_conditions": [
    {
      "type": "bookshelf:block_exists",
      "values": [ "mynethersdelight:bullet_pepper" ]
    }
  ],
  "type": "minecraft:block",
  "pools": [
    {
      "rolls": 1,
      "entries": [
        {
          "type": "minecraft:item",
          "name": "mynethersdelight:bullet_pepper"
        }
      ]
    },
    {
      "rolls": 1,
      "entries": [
        {
          "type": "minecraft:item",
          "name": "mynethersdelight:powder_cannon"
        }
      ]
    },
    {
      "conditions": [
        {
          "condition": "minecraft:random_chance",
          "chance": 0.15
        }
      ],
      "rolls": 1,
      "entries": [
        {
          "type": "minecraft:item",
          "name": "minecraft:blaze_powder"
        }
      ]
    },
    {
      "conditions": [
        {
          "condition": "minecraft:random_chance",
          "chance": 0.15
        }
      ],
      "rolls": 1,
      "entries": [
        {
          "type": "minecraft:item",
          "name": "minecraft:gunpowder"
        }
      ]
    }
  ],
  "random_sequence": "botanypots:mynethersdelight/crops/bullet_pepper"
}