{
  "type": "minecraft:crafting_shaped",
  "category": "misc",
  "key": {
    "#": {
      "item": "minecraft:iron_ingot"
    },
    "F": {
      "item": "minecraft:feather"
    },
    "Y": {
      "item": "minecraft:dispenser"
    },
    "C": {
      "item": "minecraft:chest"
    },
    "L": {
      "item": "minecraft:coal"
    },
    "B": {
      "item": "minecraft:blue_dye"
    },
    "S": {
      "item": "minecraft:stick"
    }
  },
  "pattern": [
    "FBS",
    "LYL",
    "#C#"
  ],
  "result": {
    "count": 1,
    "id": "cobbledgacha:gacha_machine_2"
  }
}