{
	"format_version": "1.12.0",
	"minecraft:geometry": [
		{
			"description": {
				"identifier": "geometry.pokeball_gacha3 - Converted",
				"texture_width": 128,
				"texture_height": 128,
				"visible_bounds_width": 2,
				"visible_bounds_height": 3.5,
				"visible_bounds_offset": [0, 1.25, 0]
			},
			"bones": [
				{
					"name": "pokeball_gacha_machine",
					"pivot": [-6.5, 14, -7.5],
					"locators": {
						"dispense": [0, 32, 0]
					}
				},
				{
					"name": "upper",
					"parent": "pokeball_gacha_machine",
					"pivot": [-6.5, 14, -7.5],
					"cubes": [
						{"origin": [-7, 16, -7], "size": [14, 1, 14], "uv": [18, 46]},
						{"origin": [-6, 17, -6], "size": [12, 1, 12], "uv": [80, 74]}
					]
				},
				{
					"name": "dome",
					"parent": "upper",
					"pivot": [-0.07878, 21.1638, -0.96875],
					"cubes": [
						{"origin": [-2, 23, -8], "size": [4, 4, 1], "uv": [0, 1]},
						{"origin": [-7.5, 27, -7], "size": [16, 0, 14], "uv": [82, 56]},
						{"origin": [-7.5, 18, -7.5], "size": [15, 7, 15], "uv": [63, 0]},
						{"origin": [-7.5, 25, -7.5], "size": [15, 7, 15], "uv": [0, 0]}
					]
				},
				{
					"name": "gachaball_moving",
					"parent": "dome",
					"pivot": [0.5, 19.35, 1.5],
					"rotation": [0, -22.5, 0],
					"cubes": [
						{"origin": [-1, 19.1, 0], "size": [3, 2, 3], "pivot": [0.5, 19.35, 1.5], "rotation": [0, 22.5, 0], "uv": [0, 88]},
						{"origin": [-1, 18.1, 0], "size": [3, 1, 3], "pivot": [0.5, 19.35, 1.5], "rotation": [0, 22.5, 0], "uv": [0, 95]}
					]
				},
				{
					"name": "group",
					"parent": "dome",
					"pivot": [0, 8, 0]
				},
				{
					"name": "gachaballs2",
					"parent": "group",
					"pivot": [0, 8, 0],
					"cubes": [
						{"origin": [3, 19.1, 2.75], "size": [3, 2, 3], "pivot": [4.5, 19.35, 4.25], "rotation": [0, -22.5, 0], "uv": [0, 88]},
						{"origin": [3, 18.1, 2.75], "size": [3, 1, 3], "pivot": [4.5, 19.35, 4.25], "rotation": [0, -22.5, 0], "uv": [0, 95]}
					]
				},
				{
					"name": "gachaballs3",
					"parent": "group",
					"pivot": [0, 8, 0],
					"cubes": [
						{"origin": [-6, 19.1, 0], "size": [3, 2, 3], "pivot": [-4.5, 19.35, 1.5], "rotation": [0, 22.5, 0], "uv": [0, 88]},
						{"origin": [-6, 18.1, 0], "size": [3, 1, 3], "pivot": [-4.5, 19.35, 1.5], "rotation": [0, 22.5, 0], "uv": [0, 95]}
					]
				},
				{
					"name": "gachaballs4",
					"parent": "group",
					"pivot": [0, 8, 0],
					"cubes": [
						{"origin": [-1.5, 19.1, -3], "size": [3, 2, 3], "uv": [0, 88]},
						{"origin": [-1.5, 18.1, -3], "size": [3, 1, 3], "uv": [0, 95]}
					]
				},
				{
					"name": "gachaballs5",
					"parent": "group",
					"pivot": [0, 8, 0],
					"cubes": [
						{"origin": [-6.25, 22.1, -4.25], "size": [3, 2, 3], "pivot": [-4.75, 22.35, -2.75], "rotation": [0, 22.5, 0], "uv": [0, 88]},
						{"origin": [-6.25, 21.1, -4.25], "size": [3, 1, 3], "pivot": [-4.75, 22.35, -2.75], "rotation": [0, 22.5, 0], "uv": [0, 95]}
					]
				},
				{
					"name": "gachaballs6",
					"parent": "group",
					"pivot": [0, 8, 0],
					"cubes": [
						{"origin": [-1.25, 22.1, -5.75], "size": [3, 2, 3], "uv": [0, 88]},
						{"origin": [-1.25, 21.1, -5.75], "size": [3, 1, 3], "uv": [0, 95]}
					]
				},
				{
					"name": "gachaballs7",
					"parent": "group",
					"pivot": [0, 8, 0],
					"cubes": [
						{"origin": [-3.25, 19.1, -6.75], "size": [3, 2, 3], "uv": [0, 88]},
						{"origin": [-3.25, 18.1, -6.75], "size": [3, 1, 3], "uv": [0, 95]}
					]
				},
				{
					"name": "gachaballs8",
					"parent": "group",
					"pivot": [0, 8, 0],
					"cubes": [
						{"origin": [1, 19.1, -7], "size": [3, 2, 3], "pivot": [2.5, 19.35, -5.5], "rotation": [0, -22.5, 0], "uv": [0, 88]},
						{"origin": [1, 18.1, -7], "size": [3, 1, 3], "pivot": [2.5, 19.35, -5.5], "rotation": [0, -22.5, 0], "uv": [0, 95]}
					]
				},
				{
					"name": "gachaballs9",
					"parent": "group",
					"pivot": [0, 8, 0],
					"cubes": [
						{"origin": [-5, 22.1, 4], "size": [3, 2, 3], "uv": [0, 88]},
						{"origin": [-5, 21.1, 4], "size": [3, 1, 3], "uv": [0, 95]}
					]
				},
				{
					"name": "gachaballs10",
					"parent": "group",
					"pivot": [0, 8, 0],
					"cubes": [
						{"origin": [-1, 22.1, -1.75], "size": [3, 2, 3], "uv": [0, 88]},
						{"origin": [-1, 21.1, -1.75], "size": [3, 1, 3], "uv": [0, 95]}
					]
				},
				{
					"name": "gachaballs11",
					"parent": "group",
					"pivot": [0, 8, 0],
					"cubes": [
						{"origin": [-6.75, 19.1, -4], "size": [3, 2, 3], "pivot": [-5.25, 19.35, -2.5], "rotation": [0, -22.5, 0], "uv": [0, 88]},
						{"origin": [-6.75, 18.1, -4], "size": [3, 1, 3], "pivot": [-5.25, 19.35, -2.5], "rotation": [0, -22.5, 0], "uv": [0, 95]}
					]
				},
				{
					"name": "gachaballs12",
					"parent": "gachaballs11",
					"pivot": [0, 8, 0],
					"cubes": [
						{"origin": [3.25, 22.1, -4], "size": [3, 2, 3], "pivot": [4.75, 22.35, -2.5], "rotation": [0, -22.5, 0], "uv": [0, 88]},
						{"origin": [3.25, 21.1, -4], "size": [3, 1, 3], "pivot": [4.75, 22.35, -2.5], "rotation": [0, -22.5, 0], "uv": [0, 95]}
					]
				},
				{
					"name": "gachaballs13",
					"parent": "group",
					"pivot": [0, 8, 0],
					"cubes": [
						{"origin": [-1, 19.1, 1.25], "size": [3, 2, 3], "pivot": [0.5, 19.35, 2.75], "rotation": [0, -22.5, 0], "uv": [0, 88]},
						{"origin": [-1, 18.1, 1.25], "size": [3, 1, 3], "pivot": [0.5, 19.35, 2.75], "rotation": [0, -22.5, 0], "uv": [0, 95]}
					]
				},
				{
					"name": "gachaballs14",
					"parent": "group",
					"pivot": [0, 8, 0],
					"cubes": [
						{"origin": [-3.85, 19.1, 3.3], "size": [3, 2, 3], "pivot": [-2.35, 19.35, 4.8], "rotation": [0, -22.5, 0], "uv": [0, 88]},
						{"origin": [-3.85, 18.1, 3.3], "size": [3, 1, 3], "pivot": [-2.35, 19.35, 4.8], "rotation": [0, -22.5, 0], "uv": [0, 95]}
					]
				},
				{
					"name": "gachaballs15",
					"parent": "group",
					"pivot": [0, 8, 0],
					"cubes": [
						{"origin": [1.75, 19.1, -1.25], "size": [3, 2, 3], "pivot": [3.25, 19.35, 0.25], "rotation": [0, 22.5, 0], "uv": [0, 88]},
						{"origin": [1.75, 18.1, -1.25], "size": [3, 1, 3], "pivot": [3.25, 19.35, 0.25], "rotation": [0, 22.5, 0], "uv": [0, 95]}
					]
				},
				{
					"name": "gachaballs16",
					"parent": "group",
					"pivot": [0, 8, 0],
					"cubes": [
						{"origin": [1, 22.1, 2], "size": [3, 2, 3], "pivot": [2.5, 22.35, 3.5], "rotation": [0, -22.5, 0], "uv": [0, 88]},
						{"origin": [1, 21.1, 2], "size": [3, 1, 3], "pivot": [2.5, 22.35, 3.5], "rotation": [0, -22.5, 0], "uv": [0, 95]}
					]
				},
				{
					"name": "gachaballs17",
					"parent": "group",
					"pivot": [0, 8, 0],
					"cubes": [
						{"origin": [-4, 22.1, 0], "size": [3, 2, 3], "uv": [0, 88]},
						{"origin": [-4, 21.1, 0], "size": [3, 1, 3], "uv": [0, 95]}
					]
				},
				{
					"name": "gachaballs",
					"parent": "group",
					"pivot": [0, 8, 0],
					"cubes": [
						{"origin": [4, 19.1, -4], "size": [3, 2, 3], "uv": [0, 88]},
						{"origin": [4, 18.1, -4], "size": [3, 1, 3], "uv": [0, 95]}
					]
				},
				{
					"name": "lower",
					"parent": "pokeball_gacha_machine",
					"pivot": [2, 11.25, -8],
					"cubes": [
						{"origin": [-7, 12, -7], "size": [14, 4, 14], "uv": [0, 25]},
						{"origin": [-7, 0, -4], "size": [14, 12, 11], "uv": [78, 31]},
						{"origin": [3, 0, -7], "size": [4, 12, 3], "uv": [0, 47]},
						{"origin": [-3, 9, -7], "size": [6, 3, 3], "uv": [0, 65]},
						{"origin": [-3, 0, -7], "size": [6, 3, 3], "uv": [0, 79]},
						{"origin": [-7, 0, -7], "size": [4, 12, 3], "uv": [0, 47], "mirror": true}
					]
				},
				{
					"name": "crank",
					"parent": "lower",
					"pivot": [0, 13.25, -7.5],
					"cubes": [
						{"origin": [-2, 11.25, -9], "size": [4, 4, 3], "uv": [0, 7]}
					]
				}
			]
		}
	]
}